"ID",IDNO,DATE,EMPLOYEE,TIME IN,TIME OUT,TOTAL HOURS,STATUS-IN,STATUS-OUT
5,123456789,2022-09-06,"MAGALLANES, CARLOS FELIPE",2022-09-06 09:00:00 AM,2022-09-06 03:00:00 AM,6.0,Ok,Ok
4,1207765353,2022-09-05,"VORNEJO SVILA, EDER LEANDRO",2022-09-05 03:20:11 PM,2022-09-05 03:21:22 PM,0.1,Ok,Ok
3,001122,2022-08-12,"DEMO, MANAGER ",2022-08-12 09:17:00 AM,2022-08-12 09:18:00 PM,12.1,Ok,Ok
2,5479025,2022-08-26,"GARAY, RENZO ",2022-08-26 07:00:00 AM,,,Ok,
1,5479025,2022-08-29,"GARAY, RENZO ",2022-08-29 08:47:05 AM,2022-09-02 09:05:59 AM,96.18,Ok,Ok
